,DATANO,DATACD,DATANM,AREACD,AREANM,time1,time2,time3,time4,time5,Unnamed: 10,Unnamed: 11,Unnamed: 12,Unnamed: 13,Unnamed: 14,Unnamed: 15,Unnamed: 16,Unnamed: 17,Unnamed: 18,Unnamed: 19,Unnamed: 20,Unnamed: 21,Unnamed: 22,Unnamed: 23,Unnamed: 24,Unnamed: 25,Unnamed: 26,Unnamed: 27,Unnamed: 28,Unnamed: 29,Unnamed: 30,RGN21CD,RGN21NM,change4,change1
10,10.0,data10,Access to services,E06000001,Hartlepool,102.0629,102.344,102.28,102.2741,101.9366,,,,,,,,,,,,,,,,,,,,,,E12000001,North East,-0.12630000000000052,-0.3375000000000057
24,10.0,data10,Access to services,E06000002,Middlesbrough,103.1776,102.7074,102.5309,102.5962,101.3229,,,,,,,,,,,,,,,,,,,,,,E12000001,North East,-1.854699999999994,-1.2732999999999919
38,10.0,data10,Access to services,E06000003,Redcar and Cleveland,98.70464,98.10506,98.24154,98.23986,98.17604,,,,,,,,,,,,,,,,,,,,,,E12000001,North East,-0.5285999999999973,-0.06381999999999266
52,10.0,data10,Access to services,E06000004,Stockton-on-Tees,95.68822,95.77532,95.75785,95.75785,95.18192,,,,,,,,,,,,,,,,,,,,,,E12000001,North East,-0.506299999999996,-0.5759299999999996
66,10.0,data10,Access to services,E06000005,Darlington,95.58267,95.87383,95.91509,96.05662,95.7249,,,,,,,,,,,,,,,,,,,,,,E12000001,North East,0.14223000000001207,-0.33171999999999
80,10.0,data10,Access to services,E06000006,Halton,100.991,101.4622,102.009,102.009,100.9932,,,,,,,,,,,,,,,,,,,,,,E12000002,North West,0.002200000000001978,-1.0157999999999987
94,10.0,data10,Access to services,E06000007,Warrington,100.8392,100.8405,100.8464,100.7846,101.0439,,,,,,,,,,,,,,,,,,,,,,E12000002,North West,0.20469999999998834,0.2592999999999961
108,10.0,data10,Access to services,E06000008,Blackburn with Darwen,107.9084,108.0965,107.8062,107.7044,107.3889,,,,,,,,,,,,,,,,,,,,,,E12000002,North West,-0.5194999999999936,-0.3155000000000001
122,10.0,data10,Access to services,E06000009,Blackpool,112.7304,112.815,112.3845,112.343,112.2401,,,,,,,,,,,,,,,,,,,,,,E12000002,North West,-0.49030000000000484,-0.10290000000000532
136,10.0,data10,Access to services,E06000010,Kingston upon Hull,100.4203,100.3195,100.2479,100.1491,107.5596,,,,,,,,,,,,,,,,,,,,,,E12000003,Yorkshire and The Humber,7.139300000000006,7.410499999999999
150,10.0,data10,Access to services,E06000011,East Riding of Yorkshire,90.60214,90.32573,90.13946,90.06975,91.88604,,,,,,,,,,,,,,,,,,,,,,E12000003,Yorkshire and The Humber,1.2838999999999885,1.816289999999995
164,10.0,data10,Access to services,E06000012,North East Lincolnshire,103.1027,103.0011,102.5893,102.6057,102.0694,,,,,,,,,,,,,,,,,,,,,,E12000003,Yorkshire and The Humber,-1.033299999999997,-0.5362999999999971
178,10.0,data10,Access to services,E06000013,North Lincolnshire,93.96787,93.82634,93.70408,93.87943,93.89541,,,,,,,,,,,,,,,,,,,,,,E12000003,Yorkshire and The Humber,-0.07246000000000663,0.015979999999998995
192,10.0,data10,Access to services,E06000014,York,102.8174,102.43,102.3483,101.7684,102.3965,,,,,,,,,,,,,,,,,,,,,,E12000003,Yorkshire and The Humber,-0.42090000000000316,0.6281000000000034
206,10.0,data10,Access to services,E06000015,Derby,104.7713,104.9163,104.7861,104.8617,104.8032,,,,,,,,,,,,,,,,,,,,,,E12000004,East Midlands,0.03190000000000737,-0.05849999999999511
220,10.0,data10,Access to services,E06000016,Leicester,106.2324,106.3172,106.3778,106.1544,106.9156,,,,,,,,,,,,,,,,,,,,,,E12000004,East Midlands,0.6831999999999994,0.7612000000000023
234,10.0,data10,Access to services,E06000017,Rutland,87.48535,86.6109,86.41664,84.90886,84.72106,,,,,,,,,,,,,,,,,,,,,,E12000004,East Midlands,-2.7642900000000026,-0.18780000000000996
248,10.0,data10,Access to services,E06000018,Nottingham,106.9227,106.7713,106.517,106.6987,105.6772,,,,,,,,,,,,,,,,,,,,,,E12000004,East Midlands,-1.245500000000007,-1.0215000000000032
262,10.0,data10,Access to services,E06000019,Herefordshire,77.1389,77.52384,77.5021,77.56628,77.9263,,,,,,,,,,,,,,,,,,,,,,E12000005,West Midlands,0.787399999999991,0.36001999999999157
276,10.0,data10,Access to services,E06000020,Telford and Wrekin,96.70897,96.73132,96.50546,96.16233,96.52372,,,,,,,,,,,,,,,,,,,,,,E12000005,West Midlands,-0.18524999999999636,0.3613900000000001
290,10.0,data10,Access to services,E06000021,Stoke-on-Trent,105.9932,106.1365,106.1673,106.1558,105.5725,,,,,,,,,,,,,,,,,,,,,,E12000005,West Midlands,-0.4206999999999965,-0.5832999999999942
304,10.0,data10,Access to services,E06000022,Bath and North East Somerset,99.19953,99.16311,99.23192,99.24804,99.6842,,,,,,,,,,,,,,,,,,,,,,E12000009,South West,0.48467000000000837,0.436160000000001
318,10.0,data10,Access to services,E06000023,Bristol,106.2844,106.2552,105.9622,106.0819,106.2652,,,,,,,,,,,,,,,,,,,,,,E12000009,South West,-0.019200000000012096,0.18329999999998847
332,10.0,data10,Access to services,E06000024,North Somerset,95.592,95.57471,95.23975,95.19691,94.51395,,,,,,,,,,,,,,,,,,,,,,E12000009,South West,-1.0780500000000046,-0.6829600000000084
346,10.0,data10,Access to services,E06000025,South Gloucestershire,97.76917,97.79112,97.78236,97.91306,98.12812,,,,,,,,,,,,,,,,,,,,,,E12000009,South West,0.358949999999993,0.21505999999999403
360,10.0,data10,Access to services,E06000026,Plymouth,102.6693,102.6285,102.6057,102.7423,101.809,,,,,,,,,,,,,,,,,,,,,,E12000009,South West,-0.8603000000000094,-0.9333000000000027
374,10.0,data10,Access to services,E06000027,Torbay,103.2594,102.9304,102.907,102.7363,102.2755,,,,,,,,,,,,,,,,,,,,,,E12000009,South West,-0.9839000000000055,-0.4608000000000061
388,10.0,data10,Access to services,E06000030,Swindon,96.74727,96.5166,96.53119,96.68342,96.81312,,,,,,,,,,,,,,,,,,,,,,E12000009,South West,0.06584999999999752,0.1296999999999997
402,10.0,data10,Access to services,E06000031,Peterborough,96.8494,97.0914,97.11161,97.19773,96.98162,,,,,,,,,,,,,,,,,,,,,,E12000006,East of England,0.13222000000000378,-0.21611000000000047
416,10.0,data10,Access to services,E06000032,Luton,107.5695,107.5461,107.4377,107.3274,106.4333,,,,,,,,,,,,,,,,,,,,,,E12000006,East of England,-1.1362000000000023,-0.8940999999999946
430,10.0,data10,Access to services,E06000033,Southend-on-Sea,111.5869,111.5045,111.2818,110.9682,110.7491,,,,,,,,,,,,,,,,,,,,,,E12000006,East of England,-0.8378000000000014,-0.2190999999999974
444,10.0,data10,Access to services,E06000034,Thurrock,97.6823,97.68865,97.704,97.51537,98.26847,,,,,,,,,,,,,,,,,,,,,,E12000006,East of England,0.5861699999999956,0.7530999999999892
458,10.0,data10,Access to services,E06000035,Medway,103.5885,103.5654,103.5709,103.5661,103.2469,,,,,,,,,,,,,,,,,,,,,,E12000008,South East,-0.3415999999999997,-0.31920000000000925
472,10.0,data10,Access to services,E06000036,Bracknell Forest,97.45695,97.45695,97.14677,96.83035,96.53524,,,,,,,,,,,,,,,,,,,,,,E12000008,South East,-0.9217100000000045,-0.295109999999994
486,10.0,data10,Access to services,E06000037,West Berkshire,90.04534,90.02983,90.05616,90.01982,91.49017,,,,,,,,,,,,,,,,,,,,,,E12000008,South East,1.4448300000000103,1.4703500000000105
500,10.0,data10,Access to services,E06000038,Reading,104.9529,104.9529,104.933,104.6389,105.0686,,,,,,,,,,,,,,,,,,,,,,E12000008,South East,0.11570000000000391,0.42969999999999686
514,10.0,data10,Access to services,E06000039,Slough,107.0625,107.031,106.7862,106.9555,106.9834,,,,,,,,,,,,,,,,,,,,,,E12000008,South East,-0.07909999999999684,0.02790000000000248
528,10.0,data10,Access to services,E06000040,Windsor and Maidenhead,99.31636,99.31636,99.33874,99.34999,100.0422,,,,,,,,,,,,,,,,,,,,,,E12000008,South East,0.7258399999999909,0.6922099999999887
542,10.0,data10,Access to services,E06000041,Wokingham,94.23209,94.12268,93.93526,94.04329,93.84413,,,,,,,,,,,,,,,,,,,,,,E12000008,South East,-0.38795999999999253,-0.199159999999992
556,10.0,data10,Access to services,E06000042,Milton Keynes,97.05636,97.06008,97.02336,97.16107,97.43869,,,,,,,,,,,,,,,,,,,,,,E12000008,South East,0.38232999999999606,0.27761999999999887
570,10.0,data10,Access to services,E06000043,Brighton and Hove,110.2249,110.1129,109.6872,109.6057,109.207,,,,,,,,,,,,,,,,,,,,,,E12000008,South East,-1.0179000000000116,-0.39870000000000516
584,10.0,data10,Access to services,E06000044,Portsmouth,109.2755,109.3783,109.1816,109.0601,108.3728,,,,,,,,,,,,,,,,,,,,,,E12000008,South East,-0.9026999999999958,-0.6873000000000076
598,10.0,data10,Access to services,E06000045,Southampton,105.4628,105.4781,105.2817,105.3368,105.4679,,,,,,,,,,,,,,,,,,,,,,E12000008,South East,0.005099999999998772,0.13110000000000355
612,10.0,data10,Access to services,E06000046,Isle of Wight,95.70442,95.58892,95.80438,95.75593,95.43936,,,,,,,,,,,,,,,,,,,,,,E12000008,South East,-0.2650600000000054,-0.3165700000000129
626,10.0,data10,Access to services,E06000047,County Durham,96.29008,96.30915,96.26618,96.20405,96.61686,,,,,,,,,,,,,,,,,,,,,,E12000001,North East,0.3267799999999994,0.41281000000000745
640,10.0,data10,Access to services,E06000049,Cheshire East,91.90691,91.86626,91.84193,91.76233,92.57226,,,,,,,,,,,,,,,,,,,,,,E12000002,North West,0.6653500000000037,0.8099299999999943
654,10.0,data10,Access to services,E06000050,Cheshire West and Chester,95.11228,95.08821,95.01026,94.9645,95.67245,,,,,,,,,,,,,,,,,,,,,,E12000002,North West,0.5601699999999994,0.7079499999999967
668,10.0,data10,Access to services,E06000051,Shropshire,82.3859,82.40452,82.40283,82.25803,82.78767,,,,,,,,,,,,,,,,,,,,,,E12000005,West Midlands,0.4017699999999991,0.5296400000000006
682,10.0,data10,Access to services,E06000052,Cornwall,88.03109,88.06283,88.02235,87.94595,88.36593,,,,,,,,,,,,,,,,,,,,,,E12000009,South West,0.3348399999999998,0.41998000000000957
696,10.0,data10,Access to services,E06000054,Wiltshire,88.53023,88.43918,88.50917,88.34763,88.01544,,,,,,,,,,,,,,,,,,,,,,E12000009,South West,-0.514790000000005,-0.3321899999999971
710,10.0,data10,Access to services,E06000055,Bedford,96.33759,96.33759,96.51942,96.49402,97.52972,,,,,,,,,,,,,,,,,,,,,,E12000006,East of England,1.1921299999999917,1.0356999999999914
724,10.0,data10,Access to services,E06000056,Central Bedfordshire,93.65877,93.70013,93.52644,93.45732,93.6065,,,,,,,,,,,,,,,,,,,,,,E12000006,East of England,-0.052270000000007144,0.1491800000000012
738,10.0,data10,Access to services,E06000057,Northumberland,87.28985,87.15065,87.12566,87.17187,87.58461,,,,,,,,,,,,,,,,,,,,,,E12000001,North East,0.2947599999999966,0.41273999999999944
752,10.0,data10,Access to services,E06000058,"Bournemouth, Christchurch and Poole",102.7476,102.7476,102.5671,102.5231,101.9432,,,,,,,,,,,,,,,,,,,,,,E12000009,South West,-0.8044000000000011,-0.579899999999995
766,10.0,data10,Access to services,E06000059,Dorset,89.21066,89.21819,88.60296,88.79894,88.67154,,,,,,,,,,,,,,,,,,,,,,E12000009,South West,-0.5391200000000111,-0.12740000000000862
780,10.0,data10,Access to services,E06000060,Buckinghamshire,95.56101,95.42458,95.37447,95.29788,95.62031,,,,,,,,,,,,,,,,,,,,,,E12000008,South East,0.05930000000000746,0.3224299999999971
794,10.0,data10,Access to services,E06000061,North Northamptonshire,96.89345,96.91681,96.9223,96.81851,96.78767,,,,,,,,,,,,,,,,,,,,,,E12000004,East Midlands,-0.10577999999999577,-0.030839999999997758
808,10.0,data10,Access to services,E06000062,West Northamptonshire,88.91716,89.03259,88.94896,88.86207,89.12739,,,,,,,,,,,,,,,,,,,,,,E12000004,East Midlands,0.2102300000000099,0.26532000000000266
822,10.0,data10,Access to services,E07000008,Cambridge,105.4309,105.0748,105.2022,105.2649,104.6935,,,,,,,,,,,,,,,,,,,,,,E12000006,East of England,-0.7373999999999938,-0.571399999999997
836,10.0,data10,Access to services,E07000009,East Cambridgeshire,87.8424,87.8424,87.8424,87.8424,88.08395,,,,,,,,,,,,,,,,,,,,,,E12000006,East of England,0.2415500000000037,0.2415500000000037
850,10.0,data10,Access to services,E07000010,Fenland,90.28713,90.28713,90.28713,90.42505,91.0243,,,,,,,,,,,,,,,,,,,,,,E12000006,East of England,0.7371699999999919,0.5992499999999978
864,10.0,data10,Access to services,E07000011,Huntingdonshire,93.1488,93.25835,93.25835,93.31963,93.44161,,,,,,,,,,,,,,,,,,,,,,E12000006,East of England,0.2928100000000029,0.12197999999999354
878,10.0,data10,Access to services,E07000012,South Cambridgeshire,88.02336,87.95059,87.69524,87.1831,87.1177,,,,,,,,,,,,,,,,,,,,,,E12000006,East of England,-0.9056599999999975,-0.0653999999999968
892,10.0,data10,Access to services,E07000026,Allerdale,90.66675,90.66675,90.69463,90.67618,91.02627,,,,,,,,,,,,,,,,,,,,,,E12000002,North West,0.3595200000000034,0.35008999999999446
906,10.0,data10,Access to services,E07000027,Barrow-in-Furness,108.1981,108.5545,107.8493,107.8493,107.8134,,,,,,,,,,,,,,,,,,,,,,E12000002,North West,-0.38469999999999516,-0.035899999999998045
920,10.0,data10,Access to services,E07000028,Carlisle,91.52833,91.52833,91.52366,90.50568,90.88302,,,,,,,,,,,,,,,,,,,,,,E12000002,North West,-0.6453099999999949,0.3773400000000038
934,10.0,data10,Access to services,E07000029,Copeland,90.04841,90.04841,90.0277,89.95148,90.54302,,,,,,,,,,,,,,,,,,,,,,E12000002,North West,0.49460999999999444,0.5915399999999948
948,10.0,data10,Access to services,E07000030,Eden,75.92141,75.92141,75.89418,75.89418,75.69628,,,,,,,,,,,,,,,,,,,,,,E12000002,North West,-0.22512999999999295,-0.19790000000000418
962,10.0,data10,Access to services,E07000031,South Lakeland,88.06788,88.06788,87.97396,87.54974,88.6782,,,,,,,,,,,,,,,,,,,,,,E12000002,North West,0.6103200000000015,1.128460000000004
976,10.0,data10,Access to services,E07000032,Amber Valley,95.81341,95.75021,95.68575,95.68343,95.1762,,,,,,,,,,,,,,,,,,,,,,E12000004,East Midlands,-0.6372100000000103,-0.507230000000007
990,10.0,data10,Access to services,E07000033,Bolsover,99.48279,99.48279,99.49063,99.45752,99.83566,,,,,,,,,,,,,,,,,,,,,,E12000004,East Midlands,0.35287000000001,0.3781400000000019
1004,10.0,data10,Access to services,E07000034,Chesterfield,100.9252,100.464,100.5477,100.6206,101.4298,,,,,,,,,,,,,,,,,,,,,,E12000004,East Midlands,0.5045999999999964,0.8092000000000041
1018,10.0,data10,Access to services,E07000035,the Derbyshire Dales,82.26401,82.26401,81.56655,81.5737,82.62046,,,,,,,,,,,,,,,,,,,,,,E12000004,East Midlands,0.35644999999999527,1.046759999999992
1032,10.0,data10,Access to services,E07000036,Erewash,102.7694,102.9133,102.9666,102.9648,102.8473,,,,,,,,,,,,,,,,,,,,,,E12000004,East Midlands,0.07789999999999964,-0.11749999999999261
1046,10.0,data10,Access to services,E07000037,High Peak,98.83797,98.83797,98.7134,98.64237,99.25171,,,,,,,,,,,,,,,,,,,,,,E12000004,East Midlands,0.4137400000000042,0.6093400000000031
1060,10.0,data10,Access to services,E07000038,North East Derbyshire,93.9144,93.9144,93.87609,93.88033,93.86907,,,,,,,,,,,,,,,,,,,,,,E12000004,East Midlands,-0.045330000000006976,-0.011260000000007153
1074,10.0,data10,Access to services,E07000039,South Derbyshire,93.61285,93.61285,93.60868,93.56599,93.40521,,,,,,,,,,,,,,,,,,,,,,E12000004,East Midlands,-0.20763999999999783,-0.1607800000000026
1088,10.0,data10,Access to services,E07000040,East Devon,86.89028,86.89028,86.84801,86.84653,86.62123,,,,,,,,,,,,,,,,,,,,,,E12000009,South West,-0.2690500000000071,-0.22530000000000427
1102,10.0,data10,Access to services,E07000041,Exeter,104.491,104.5706,104.4261,104.5507,104.106,,,,,,,,,,,,,,,,,,,,,,E12000009,South West,-0.3850000000000051,-0.44470000000001164
1116,10.0,data10,Access to services,E07000042,Mid Devon,77.36023,77.36023,76.8881,76.77541,76.16932,,,,,,,,,,,,,,,,,,,,,,E12000009,South West,-1.1909100000000024,-0.6060899999999947
1130,10.0,data10,Access to services,E07000043,North Devon,80.38107,80.38107,80.25261,81.4757,81.041,,,,,,,,,,,,,,,,,,,,,,E12000009,South West,0.6599300000000028,-0.4347000000000065
1144,10.0,data10,Access to services,E07000044,South Hams,78.23909,78.20772,78.21617,78.73519,78.60294,,,,,,,,,,,,,,,,,,,,,,E12000009,South West,0.36384999999999934,-0.1322499999999991
1158,10.0,data10,Access to services,E07000045,Teignbridge,88.49249,88.49249,88.44341,88.71077,89.03451,,,,,,,,,,,,,,,,,,,,,,E12000009,South West,0.5420199999999937,0.3237400000000008
1172,10.0,data10,Access to services,E07000046,Torridge,75.41204,75.41204,75.01015,74.21701,74.13334,,,,,,,,,,,,,,,,,,,,,,E12000009,South West,-1.2787000000000006,-0.08366999999999791
1186,10.0,data10,Access to services,E07000047,West Devon,73.77561,73.77561,73.76568,72.90832,71.73817,,,,,,,,,,,,,,,,,,,,,,E12000009,South West,-2.0374400000000037,-1.1701500000000067
1200,10.0,data10,Access to services,E07000061,Eastbourne,107.0628,107.5987,107.3601,107.3601,107.2878,,,,,,,,,,,,,,,,,,,,,,E12000008,South East,0.22500000000000853,-0.07229999999999848
1214,10.0,data10,Access to services,E07000062,Hastings,105.6455,105.6455,105.6925,105.3006,107.7924,,,,,,,,,,,,,,,,,,,,,,E12000008,South East,2.1469000000000023,2.491799999999998
1228,10.0,data10,Access to services,E07000063,Lewes,96.5115,96.39677,96.19543,95.76646,96.15415,,,,,,,,,,,,,,,,,,,,,,E12000008,South East,-0.3573499999999967,0.3876900000000063
1242,10.0,data10,Access to services,E07000064,Rother,91.73164,91.73164,91.56626,91.54064,92.19383,,,,,,,,,,,,,,,,,,,,,,E12000008,South East,0.46219000000000676,0.6531900000000093
1256,10.0,data10,Access to services,E07000065,Wealden,90.14697,90.34637,90.21239,90.02713,90.58164,,,,,,,,,,,,,,,,,,,,,,E12000008,South East,0.434669999999997,0.5545099999999934
1270,10.0,data10,Access to services,E07000066,Basildon,98.28065,98.55073,98.5171,98.62069,99.51124,,,,,,,,,,,,,,,,,,,,,,E12000006,East of England,1.2305900000000065,0.8905500000000046
1284,10.0,data10,Access to services,E07000067,Braintree,87.57868,87.70239,87.68764,87.67836,88.51166,,,,,,,,,,,,,,,,,,,,,,E12000006,East of England,0.9329800000000006,0.8333000000000084
1298,10.0,data10,Access to services,E07000068,Brentwood,95.24098,95.24098,95.34045,95.34045,97.21511,,,,,,,,,,,,,,,,,,,,,,E12000006,East of England,1.9741300000000024,1.8746599999999916
1312,10.0,data10,Access to services,E07000069,Castle Point,102.9827,102.9827,102.768,102.768,103.5821,,,,,,,,,,,,,,,,,,,,,,E12000006,East of England,0.5994000000000028,0.8140999999999963
1326,10.0,data10,Access to services,E07000070,Chelmsford,95.79205,95.74447,95.57136,95.70123,96.30873,,,,,,,,,,,,,,,,,,,,,,E12000006,East of England,0.5166799999999938,0.6075000000000017
1340,10.0,data10,Access to services,E07000071,Colchester,96.10231,96.07087,95.89849,95.83431,95.40768,,,,,,,,,,,,,,,,,,,,,,E12000006,East of England,-0.6946300000000036,-0.42663000000000295
1354,10.0,data10,Access to services,E07000072,Epping Forest,93.24361,93.24361,93.07241,93.074,93.12013,,,,,,,,,,,,,,,,,,,,,,E12000006,East of England,-0.1234800000000007,0.04613000000000511
1368,10.0,data10,Access to services,E07000073,Harlow,100.6468,100.6468,100.5879,100.3419,101.569,,,,,,,,,,,,,,,,,,,,,,E12000006,East of England,0.9222000000000037,1.2271000000000072
1382,10.0,data10,Access to services,E07000074,Maldon,86.11718,86.11718,86.12043,86.34826,87.6584,,,,,,,,,,,,,,,,,,,,,,E12000006,East of England,1.5412199999999956,1.310140000000004
1396,10.0,data10,Access to services,E07000075,Rochford,97.77403,97.78218,97.98763,97.98763,98.54439,,,,,,,,,,,,,,,,,,,,,,E12000006,East of England,0.7703600000000108,0.5567600000000112
1410,10.0,data10,Access to services,E07000076,Tendring,93.86488,93.86488,93.90706,93.8643,94.22372,,,,,,,,,,,,,,,,,,,,,,E12000006,East of England,0.3588400000000007,0.3594200000000001
1424,10.0,data10,Access to services,E07000077,Uttlesford,79.83588,79.83588,79.33145,78.99687,80.23983,,,,,,,,,,,,,,,,,,,,,,E12000006,East of England,0.4039499999999947,1.2429599999999965
1438,10.0,data10,Access to services,E07000078,Cheltenham,103.9607,104.3726,103.7542,103.864,104.0221,,,,,,,,,,,,,,,,,,,,,,E12000009,South West,0.061399999999991905,0.15809999999999036
1452,10.0,data10,Access to services,E07000079,Cotswold,77.42345,77.42841,77.7442,77.7442,77.92576,,,,,,,,,,,,,,,,,,,,,,E12000009,South West,0.5023099999999943,0.1815599999999904
1466,10.0,data10,Access to services,E07000080,Forest of Dean,83.38523,83.40071,83.35593,83.09538,83.24189,,,,,,,,,,,,,,,,,,,,,,E12000009,South West,-0.14334000000000913,0.14650999999999215
1480,10.0,data10,Access to services,E07000081,Gloucester,100.0423,99.77884,99.91222,99.72059,102.0166,,,,,,,,,,,,,,,,,,,,,,E12000009,South West,1.9742999999999995,2.2960099999999954
1494,10.0,data10,Access to services,E07000082,Stroud,90.23522,89.95125,89.75801,90.24064,90.40913,,,,,,,,,,,,,,,,,,,,,,E12000009,South West,0.17391000000000645,0.16849000000000558
1508,10.0,data10,Access to services,E07000083,Tewkesbury,88.27379,88.55465,88.5372,88.60114,89.56697,,,,,,,,,,,,,,,,,,,,,,E12000009,South West,1.2931799999999924,0.9658299999999969
1522,10.0,data10,Access to services,E07000084,Basingstoke and Deane,87.11904,86.85894,86.86039,86.23028,87.13137,,,,,,,,,,,,,,,,,,,,,,E12000008,South East,0.012330000000005725,0.9010900000000106
1536,10.0,data10,Access to services,E07000085,East Hampshire,88.19588,88.00038,87.84316,87.46818,89.32103,,,,,,,,,,,,,,,,,,,,,,E12000008,South East,1.1251499999999908,1.8528499999999894
1550,10.0,data10,Access to services,E07000086,Eastleigh,98.05341,97.65938,97.65222,97.46809,98.26753,,,,,,,,,,,,,,,,,,,,,,E12000008,South East,0.2141199999999941,0.7994399999999899
1564,10.0,data10,Access to services,E07000087,Fareham,95.05837,95.05837,95.06742,95.18007,95.74175,,,,,,,,,,,,,,,,,,,,,,E12000008,South East,0.6833799999999997,0.5616799999999955
1578,10.0,data10,Access to services,E07000088,Gosport,106.5895,106.5895,106.8614,106.8614,106.2998,,,,,,,,,,,,,,,,,,,,,,E12000008,South East,-0.2896999999999963,-0.5615999999999985
1592,10.0,data10,Access to services,E07000089,Hart,93.13613,93.13613,93.14249,92.6299,93.23858,,,,,,,,,,,,,,,,,,,,,,E12000008,South East,0.10245000000000459,0.6086799999999926
1606,10.0,data10,Access to services,E07000090,Havant,99.80258,99.47052,99.37354,98.84845,99.548,,,,,,,,,,,,,,,,,,,,,,E12000008,South East,-0.25458000000000425,0.6995500000000021
1620,10.0,data10,Access to services,E07000091,New Forest,90.41367,90.48854,90.48212,90.55915,91.41678,,,,,,,,,,,,,,,,,,,,,,E12000008,South East,1.0031100000000066,0.8576300000000003
1634,10.0,data10,Access to services,E07000092,Rushmoor,100.1454,100.1454,100.1454,100.1454,99.93202,,,,,,,,,,,,,,,,,,,,,,E12000008,South East,-0.2133800000000008,-0.2133800000000008
1648,10.0,data10,Access to services,E07000093,Test Valley,84.31062,84.31062,84.14354,84.07998,84.63924,,,,,,,,,,,,,,,,,,,,,,E12000008,South East,0.3286200000000008,0.5592599999999948
1662,10.0,data10,Access to services,E07000094,Winchester,87.47046,87.29978,87.08333,87.20588,89.03764,,,,,,,,,,,,,,,,,,,,,,E12000008,South East,1.5671799999999934,1.8317600000000027
1676,10.0,data10,Access to services,E07000095,Broxbourne,103.5214,103.5214,103.5369,103.5369,103.5162,,,,,,,,,,,,,,,,,,,,,,E12000006,East of England,-0.005200000000002092,-0.020700000000005048
1690,10.0,data10,Access to services,E07000096,Dacorum,100.5134,100.5134,100.5616,100.5543,100.7603,,,,,,,,,,,,,,,,,,,,,,E12000006,East of England,0.24689999999999657,0.20600000000000307
1704,10.0,data10,Access to services,E07000098,Hertsmere,100.6386,100.6668,100.7597,100.6847,101.1814,,,,,,,,,,,,,,,,,,,,,,E12000006,East of England,0.5427999999999997,0.4966999999999899
1718,10.0,data10,Access to services,E07000099,North Hertfordshire,95.35623,95.2355,95.38003,95.3895,96.04779,,,,,,,,,,,,,,,,,,,,,,E12000006,East of England,0.6915600000000097,0.658290000000008
1732,10.0,data10,Access to services,E07000102,Three Rivers,97.67723,97.67723,97.63141,97.6476,98.34949,,,,,,,,,,,,,,,,,,,,,,E12000006,East of England,0.6722600000000085,0.7018900000000059
1746,10.0,data10,Access to services,E07000103,Watford,102.9696,103.2069,103.0785,102.7664,104.1678,,,,,,,,,,,,,,,,,,,,,,E12000006,East of England,1.1982,1.4013999999999953
1760,10.0,data10,Access to services,E07000105,Ashford,86.26359,86.37192,86.34049,86.29604,87.00087,,,,,,,,,,,,,,,,,,,,,,E12000008,South East,0.7372800000000126,0.7048300000000012
1774,10.0,data10,Access to services,E07000106,Canterbury,96.00236,95.98509,95.90506,95.945,95.17311,,,,,,,,,,,,,,,,,,,,,,E12000008,South East,-0.8292500000000018,-0.7718899999999991
1788,10.0,data10,Access to services,E07000107,Dartford,95.73467,95.73467,95.86227,95.99043,96.02055,,,,,,,,,,,,,,,,,,,,,,E12000008,South East,0.2858800000000059,0.030119999999996594
1802,10.0,data10,Access to services,E07000108,Dover,92.86192,92.91046,92.91388,93.40959,93.7605,,,,,,,,,,,,,,,,,,,,,,E12000008,South East,0.8985799999999955,0.35090999999999894
1816,10.0,data10,Access to services,E07000109,Gravesham,105.0589,105.1509,105.1509,105.1509,104.739,,,,,,,,,,,,,,,,,,,,,,E12000008,South East,-0.31989999999998986,-0.4118999999999886
1830,10.0,data10,Access to services,E07000110,Maidstone,93.74122,93.79199,93.67038,93.76577,94.71565,,,,,,,,,,,,,,,,,,,,,,E12000008,South East,0.9744299999999981,0.9498799999999932
1844,10.0,data10,Access to services,E07000111,Sevenoaks,90.84383,90.84383,90.84138,91.07341,91.48091,,,,,,,,,,,,,,,,,,,,,,E12000008,South East,0.6370799999999974,0.40749999999999886
1858,10.0,data10,Access to services,E07000112,Folkestone and Hythe,93.94048,93.94048,93.62905,93.42967,96.20822,,,,,,,,,,,,,,,,,,,,,,E12000008,South East,2.2677400000000034,2.7785499999999956
1872,10.0,data10,Access to services,E07000113,Swale,93.13061,93.11281,93.18678,92.91571,92.58337,,,,,,,,,,,,,,,,,,,,,,E12000008,South East,-0.5472400000000022,-0.3323400000000021
1886,10.0,data10,Access to services,E07000114,Thanet,104.4686,104.6088,104.3578,104.1068,102.8465,,,,,,,,,,,,,,,,,,,,,,E12000008,South East,-1.622099999999989,-1.2603000000000009
1900,10.0,data10,Access to services,E07000115,Tonbridge and Malling,95.21626,95.24415,95.20831,95.38359,95.87377,,,,,,,,,,,,,,,,,,,,,,E12000008,South East,0.6575099999999878,0.4901799999999952
1914,10.0,data10,Access to services,E07000116,Tunbridge Wells,94.99337,94.99337,94.97545,94.72808,95.36101,,,,,,,,,,,,,,,,,,,,,,E12000008,South East,0.3676399999999944,0.6329299999999876
1928,10.0,data10,Access to services,E07000117,Burnley,108.8233,108.8462,109.2585,108.8462,108.5207,,,,,,,,,,,,,,,,,,,,,,E12000002,North West,-0.3025999999999982,-0.325499999999991
1942,10.0,data10,Access to services,E07000118,Chorley,98.95426,99.11301,99.49669,99.47636,99.03702,,,,,,,,,,,,,,,,,,,,,,E12000002,North West,0.08275999999999328,-0.4393400000000014
1956,10.0,data10,Access to services,E07000119,Fylde,98.99964,99.18726,99.26095,99.30901,99.59457,,,,,,,,,,,,,,,,,,,,,,E12000002,North West,0.5949300000000051,0.2855600000000038
1970,10.0,data10,Access to services,E07000120,Hyndburn,109.7173,109.5841,109.6609,109.8249,110.6422,,,,,,,,,,,,,,,,,,,,,,E12000002,North West,0.924900000000008,0.817300000000003
1984,10.0,data10,Access to services,E07000121,Lancaster,98.73452,98.88268,99.08342,98.98989,97.37223,,,,,,,,,,,,,,,,,,,,,,E12000002,North West,-1.3622900000000016,-1.6176600000000008
1998,10.0,data10,Access to services,E07000122,Pendle,103.046,103.1363,102.8693,102.8693,103.3092,,,,,,,,,,,,,,,,,,,,,,E12000002,North West,0.26319999999999766,0.4399000000000086
2012,10.0,data10,Access to services,E07000123,Preston,104.6134,104.4694,104.5096,104.4609,104.3683,,,,,,,,,,,,,,,,,,,,,,E12000002,North West,-0.24509999999999366,-0.09259999999999025
2026,10.0,data10,Access to services,E07000124,Ribble Valley,87.92595,88.25404,88.23928,88.23928,88.61596,,,,,,,,,,,,,,,,,,,,,,E12000002,North West,0.6900100000000009,0.37668000000000745
2040,10.0,data10,Access to services,E07000125,Rossendale,101.1072,101.2736,100.6197,100.6197,100.6197,,,,,,,,,,,,,,,,,,,,,,E12000002,North West,-0.48750000000001137,0.0
2054,10.0,data10,Access to services,E07000126,South Ribble,103.9569,103.9569,103.9608,104.0077,103.5688,,,,,,,,,,,,,,,,,,,,,,E12000002,North West,-0.38810000000000855,-0.43890000000000384
2068,10.0,data10,Access to services,E07000127,West Lancashire,89.02212,89.02212,88.89675,88.80539,90.09107,,,,,,,,,,,,,,,,,,,,,,E12000002,North West,1.068950000000001,1.2856799999999993
2082,10.0,data10,Access to services,E07000128,Wyre,99.92151,99.8003,99.59992,99.2811,99.13298,,,,,,,,,,,,,,,,,,,,,,E12000002,North West,-0.7885299999999944,-0.1481199999999916
2096,10.0,data10,Access to services,E07000129,Blaby,96.45217,96.55292,96.1532,96.14883,98.05989,,,,,,,,,,,,,,,,,,,,,,E12000004,East Midlands,1.6077200000000005,1.911059999999992
2110,10.0,data10,Access to services,E07000130,Charnwood,99.4792,99.51587,99.48743,99.6664,99.95749,,,,,,,,,,,,,,,,,,,,,,E12000004,East Midlands,0.4782900000000012,0.2910900000000112
2124,10.0,data10,Access to services,E07000131,Harborough,89.72693,89.88615,89.88615,90.10925,90.39922,,,,,,,,,,,,,,,,,,,,,,E12000004,East Midlands,0.6722900000000038,0.28996999999999673
2138,10.0,data10,Access to services,E07000132,Hinckley and Bosworth,96.28455,96.24691,96.11581,95.82551,96.19479,,,,,,,,,,,,,,,,,,,,,,E12000004,East Midlands,-0.08975999999999829,0.3692800000000034
2152,10.0,data10,Access to services,E07000133,Melton,81.6621,81.6621,81.14762,81.14762,81.2307,,,,,,,,,,,,,,,,,,,,,,E12000004,East Midlands,-0.43139999999999645,0.08307999999999538
2166,10.0,data10,Access to services,E07000134,North West Leicestershire,93.51617,93.51617,93.66626,93.5123,93.21297,,,,,,,,,,,,,,,,,,,,,,E12000004,East Midlands,-0.3032000000000039,-0.29932999999999765
2180,10.0,data10,Access to services,E07000135,Oadby and Wigston,105.1729,104.8628,104.8628,104.7115,104.7763,,,,,,,,,,,,,,,,,,,,,,E12000004,East Midlands,-0.3965999999999923,0.0648000000000053
2194,10.0,data10,Access to services,E07000136,Boston,84.18127,84.58258,84.60158,84.61359,85.80137,,,,,,,,,,,,,,,,,,,,,,E12000004,East Midlands,1.6201000000000079,1.1877800000000036
2208,10.0,data10,Access to services,E07000137,East Lindsey,78.99547,79.14757,78.5931,79.56578,79.02775,,,,,,,,,,,,,,,,,,,,,,E12000004,East Midlands,0.032280000000000086,-0.5380300000000062
2222,10.0,data10,Access to services,E07000138,Lincoln,103.819,103.8445,103.856,103.856,102.3289,,,,,,,,,,,,,,,,,,,,,,E12000004,East Midlands,-1.4900999999999982,-1.5270999999999901
2236,10.0,data10,Access to services,E07000139,North Kesteven,89.43291,89.46253,89.50278,89.5437,90.2361,,,,,,,,,,,,,,,,,,,,,,E12000004,East Midlands,0.8031899999999865,0.6923999999999921
2250,10.0,data10,Access to services,E07000140,South Holland,79.8438,79.8438,79.8438,79.67308,80.74574,,,,,,,,,,,,,,,,,,,,,,E12000004,East Midlands,0.9019399999999962,1.072659999999999
2264,10.0,data10,Access to services,E07000141,South Kesteven,89.09268,89.09268,89.04374,89.04374,88.55249,,,,,,,,,,,,,,,,,,,,,,E12000004,East Midlands,-0.5401899999999955,-0.49124999999999375
2278,10.0,data10,Access to services,E07000142,West Lindsey,79.77977,79.98616,80.12841,80.26033,80.11602,,,,,,,,,,,,,,,,,,,,,,E12000004,East Midlands,0.3362500000000068,-0.14430999999999017
2292,10.0,data10,Access to services,E07000143,Breckland,79.68576,79.68576,79.56982,79.68576,80.69691,,,,,,,,,,,,,,,,,,,,,,E12000006,East of England,1.0111500000000007,1.0111500000000007
2306,10.0,data10,Access to services,E07000144,Broadland,85.61364,85.12494,85.12662,84.96683,85.67272,,,,,,,,,,,,,,,,,,,,,,E12000006,East of England,0.05907999999999447,0.7058899999999966
2320,10.0,data10,Access to services,E07000145,Great Yarmouth,98.39694,98.21336,98.2209,98.42147,99.43833,,,,,,,,,,,,,,,,,,,,,,E12000006,East of England,1.0413899999999927,1.016859999999994
2334,10.0,data10,Access to services,E07000146,King's Lynn and West Norfolk,83.37662,82.13173,82.12491,82.09178,83.12464,,,,,,,,,,,,,,,,,,,,,,E12000006,East of England,-0.2519800000000032,1.0328599999999994
2348,10.0,data10,Access to services,E07000147,North Norfolk,75.98601,75.98601,75.98713,75.99138,77.32541,,,,,,,,,,,,,,,,,,,,,,E12000006,East of England,1.339400000000012,1.3340299999999985
2362,10.0,data10,Access to services,E07000148,Norwich,106.3108,106.2194,105.8437,105.9116,105.1998,,,,,,,,,,,,,,,,,,,,,,E12000006,East of England,-1.1110000000000042,-0.7118000000000109
2376,10.0,data10,Access to services,E07000149,South Norfolk,77.07884,77.07796,76.64603,76.63175,77.57894,,,,,,,,,,,,,,,,,,,,,,E12000006,East of England,0.5001000000000033,0.9471900000000062
2390,10.0,data10,Access to services,E07000163,Craven,89.48371,89.48371,88.63246,89.11785,89.32993,,,,,,,,,,,,,,,,,,,,,,E12000003,Yorkshire and The Humber,-0.15377999999999759,0.21208000000000027
2404,10.0,data10,Access to services,E07000164,Hambleton,76.15159,76.15159,76.32008,76.06101,76.19457,,,,,,,,,,,,,,,,,,,,,,E12000003,Yorkshire and The Humber,0.04298000000000002,0.1335600000000028
2418,10.0,data10,Access to services,E07000165,Harrogate,90.22915,89.6638,89.58106,89.63445,89.58585,,,,,,,,,,,,,,,,,,,,,,E12000003,Yorkshire and The Humber,-0.6433000000000106,-0.048600000000007526
2432,10.0,data10,Access to services,E07000166,Richmondshire,76.42758,76.15609,76.16811,76.46251,76.25387,,,,,,,,,,,,,,,,,,,,,,E12000003,Yorkshire and The Humber,-0.1737099999999998,-0.2086399999999884
2446,10.0,data10,Access to services,E07000167,Ryedale,73.63031,73.63031,73.4539,73.45238,73.77081,,,,,,,,,,,,,,,,,,,,,,E12000003,Yorkshire and The Humber,0.14050000000000296,0.3184299999999922
2460,10.0,data10,Access to services,E07000168,Scarborough,95.03992,95.23353,95.08168,94.39377,94.61523,,,,,,,,,,,,,,,,,,,,,,E12000003,Yorkshire and The Humber,-0.42468999999999824,0.22145999999999333
2474,10.0,data10,Access to services,E07000169,Selby,83.97747,83.97747,83.96843,83.94501,83.94501,,,,,,,,,,,,,,,,,,,,,,E12000003,Yorkshire and The Humber,-0.03246000000000038,0.0
2488,10.0,data10,Access to services,E07000170,Ashfield,100.714,100.6973,100.704,100.4917,100.8762,,,,,,,,,,,,,,,,,,,,,,E12000004,East Midlands,0.16219999999999857,0.38450000000000273
2502,10.0,data10,Access to services,E07000171,Bassetlaw,91.70634,91.70634,89.61395,89.74038,90.66682,,,,,,,,,,,,,,,,,,,,,,E12000004,East Midlands,-1.039519999999996,0.9264399999999995
2516,10.0,data10,Access to services,E07000172,Broxtowe,103.9426,104.1859,104.0809,104.1002,103.4541,,,,,,,,,,,,,,,,,,,,,,E12000004,East Midlands,-0.48850000000000193,-0.6461000000000041
2530,10.0,data10,Access to services,E07000173,Gedling,102.6305,102.6305,102.7138,102.6685,102.9798,,,,,,,,,,,,,,,,,,,,,,E12000004,East Midlands,0.3492999999999995,0.3113000000000028
2544,10.0,data10,Access to services,E07000174,Mansfield,101.1566,100.7894,100.765,100.7469,100.011,,,,,,,,,,,,,,,,,,,,,,E12000004,East Midlands,-1.1456000000000017,-0.7359000000000009
2558,10.0,data10,Access to services,E07000175,Newark and Sherwood,92.75051,92.75051,92.163,91.89813,92.42163,,,,,,,,,,,,,,,,,,,,,,E12000004,East Midlands,-0.3288800000000123,0.5234999999999985
2572,10.0,data10,Access to services,E07000176,Rushcliffe,94.81841,94.4175,94.4175,94.26323,95.3522,,,,,,,,,,,,,,,,,,,,,,E12000004,East Midlands,0.5337899999999962,1.0889700000000033
2586,10.0,data10,Access to services,E07000177,Cherwell,91.41812,91.41812,91.46847,91.57976,91.37507,,,,,,,,,,,,,,,,,,,,,,E12000008,South East,-0.043050000000008026,-0.20468999999999937
2600,10.0,data10,Access to services,E07000178,Oxford,107.8172,107.8681,107.7932,107.1867,107.1226,,,,,,,,,,,,,,,,,,,,,,E12000008,South East,-0.6945999999999941,-0.06409999999999627
2614,10.0,data10,Access to services,E07000179,South Oxfordshire,89.13551,89.18246,89.18246,89.21286,90.33496,,,,,,,,,,,,,,,,,,,,,,E12000008,South East,1.1994499999999988,1.122099999999989
2628,10.0,data10,Access to services,E07000180,Vale of White Horse,90.57979,90.65119,90.64565,90.43206,90.03856,,,,,,,,,,,,,,,,,,,,,,E12000008,South East,-0.5412299999999988,-0.39350000000000307
2642,10.0,data10,Access to services,E07000181,West Oxfordshire,88.37005,88.37005,88.03099,88.17533,89.56412,,,,,,,,,,,,,,,,,,,,,,E12000008,South East,1.1940699999999964,1.3887900000000002
2656,10.0,data10,Access to services,E07000187,Mendip,84.55961,84.55755,84.57317,84.8602,84.95228,,,,,,,,,,,,,,,,,,,,,,E12000009,South West,0.3926699999999954,0.09207999999999572
2670,10.0,data10,Access to services,E07000188,Sedgemoor,87.71993,87.76356,87.94111,88.19314,88.55628,,,,,,,,,,,,,,,,,,,,,,E12000009,South West,0.8363499999999959,0.36314000000000135
2684,10.0,data10,Access to services,E07000189,South Somerset,86.26731,86.27456,86.33328,86.33328,86.55568,,,,,,,,,,,,,,,,,,,,,,E12000009,South West,0.28837000000000046,0.22239999999999327
2698,10.0,data10,Access to services,E07000192,Cannock Chase,100.7191,100.3466,100.3377,100.3377,102.3725,,,,,,,,,,,,,,,,,,,,,,E12000005,West Midlands,1.6534000000000049,2.034800000000004
2712,10.0,data10,Access to services,E07000193,East Staffordshire,93.38434,93.50495,93.47285,93.44801,94.01196,,,,,,,,,,,,,,,,,,,,,,E12000005,West Midlands,0.6276200000000074,0.5639500000000055
2726,10.0,data10,Access to services,E07000194,Lichfield,90.36787,90.35353,90.72649,90.71553,90.31958,,,,,,,,,,,,,,,,,,,,,,E12000005,West Midlands,-0.04828999999999439,-0.39594999999999914
2740,10.0,data10,Access to services,E07000195,Newcastle-under-Lyme,100.3426,100.3786,100.2982,100.3089,101.1213,,,,,,,,,,,,,,,,,,,,,,E12000005,West Midlands,0.7787000000000006,0.8124000000000109
2754,10.0,data10,Access to services,E07000196,South Staffordshire,91.36635,91.27194,91.26128,91.26377,92.3789,,,,,,,,,,,,,,,,,,,,,,E12000005,West Midlands,1.0125500000000045,1.1151300000000077
2768,10.0,data10,Access to services,E07000197,Stafford,90.4969,90.50062,90.61186,90.62358,90.2727,,,,,,,,,,,,,,,,,,,,,,E12000005,West Midlands,-0.22419999999999618,-0.35088000000000363
2782,10.0,data10,Access to services,E07000198,Staffordshire Moorlands,89.16708,89.52423,89.12866,89.14285,89.21839,,,,,,,,,,,,,,,,,,,,,,E12000005,West Midlands,0.051310000000000855,0.07554000000000372
2796,10.0,data10,Access to services,E07000199,Tamworth,100.2322,100.2322,100.2181,100.1648,97.22034,,,,,,,,,,,,,,,,,,,,,,E12000005,West Midlands,-3.011860000000013,-2.9444600000000065
2810,10.0,data10,Access to services,E07000200,Babergh,77.9638,78.27284,78.76509,78.76509,80.22143,,,,,,,,,,,,,,,,,,,,,,E12000006,East of England,2.257629999999992,1.4563399999999973
2824,10.0,data10,Access to services,E07000202,Ipswich,104.9863,105.1079,105.4082,105.3878,107.2393,,,,,,,,,,,,,,,,,,,,,,E12000006,East of England,2.253,1.8515000000000015
2838,10.0,data10,Access to services,E07000203,Mid Suffolk,74.24217,74.48335,74.55815,74.59082,76.45693,,,,,,,,,,,,,,,,,,,,,,E12000006,East of England,2.2147599999999983,1.8661100000000062
2852,10.0,data10,Access to services,E07000207,Elmbridge,104.4838,104.4838,104.5131,104.1452,104.0949,,,,,,,,,,,,,,,,,,,,,,E12000008,South East,-0.3889000000000067,-0.05030000000000712
2866,10.0,data10,Access to services,E07000208,Epsom and Ewell,101.921,101.921,101.8805,101.9173,100.9221,,,,,,,,,,,,,,,,,,,,,,E12000008,South East,-0.9989000000000061,-0.995199999999997
2880,10.0,data10,Access to services,E07000209,Guildford,94.28057,94.3331,94.36108,94.45452,94.54682,,,,,,,,,,,,,,,,,,,,,,E12000008,South East,0.26624999999999943,0.0922999999999945
2894,10.0,data10,Access to services,E07000210,Mole Valley,94.04642,94.04642,94.52698,94.52698,95.54649,,,,,,,,,,,,,,,,,,,,,,E12000008,South East,1.500070000000008,1.019510000000011
2908,10.0,data10,Access to services,E07000211,Reigate and Banstead,98.94215,98.85375,98.8616,98.82831,99.05411,,,,,,,,,,,,,,,,,,,,,,E12000008,South East,0.11195999999999628,0.22579999999999245
2922,10.0,data10,Access to services,E07000212,Runnymede,101.4136,101.4136,101.3829,101.4293,101.1459,,,,,,,,,,,,,,,,,,,,,,E12000008,South East,-0.26770000000000493,-0.2834000000000003
2936,10.0,data10,Access to services,E07000213,Spelthorne,101.1569,100.9638,101.0364,101.0172,100.8162,,,,,,,,,,,,,,,,,,,,,,E12000008,South East,-0.3406999999999982,-0.20100000000000762
2950,10.0,data10,Access to services,E07000214,Surrey Heath,99.97215,99.97215,99.43613,99.41318,99.18008,,,,,,,,,,,,,,,,,,,,,,E12000008,South East,-0.7920699999999954,-0.2330999999999932
2964,10.0,data10,Access to services,E07000215,Tandridge,91.86468,91.82486,91.80103,91.89956,93.86033,,,,,,,,,,,,,,,,,,,,,,E12000008,South East,1.9956499999999977,1.9607700000000108
2978,10.0,data10,Access to services,E07000216,Waverley,93.39276,92.95099,92.95099,92.95475,94.61623,,,,,,,,,,,,,,,,,,,,,,E12000008,South East,1.223470000000006,1.6614799999999974
2992,10.0,data10,Access to services,E07000217,Woking,100.5923,100.5923,100.3807,100.6839,100.6839,,,,,,,,,,,,,,,,,,,,,,E12000008,South East,0.09159999999999968,0.0
3006,10.0,data10,Access to services,E07000218,North Warwickshire,90.22549,90.22549,90.32443,90.31458,91.82458,,,,,,,,,,,,,,,,,,,,,,E12000005,West Midlands,1.599090000000004,1.509999999999991
3020,10.0,data10,Access to services,E07000219,Nuneaton and Bedworth,103.9066,103.9762,103.9852,104.0193,103.3732,,,,,,,,,,,,,,,,,,,,,,E12000005,West Midlands,-0.5334000000000003,-0.6461000000000041
3034,10.0,data10,Access to services,E07000220,Rugby,90.63483,90.63483,90.47803,91.62801,92.75038,,,,,,,,,,,,,,,,,,,,,,E12000005,West Midlands,2.115550000000013,1.1223700000000036
3048,10.0,data10,Access to services,E07000221,Stratford-on-Avon,81.32403,81.32403,81.522,81.522,82.99072,,,,,,,,,,,,,,,,,,,,,,E12000005,West Midlands,1.6666900000000027,1.4687199999999905
3062,10.0,data10,Access to services,E07000222,Warwick,98.62305,98.62305,98.66818,98.67142,99.22891,,,,,,,,,,,,,,,,,,,,,,E12000005,West Midlands,0.6058599999999927,0.5574900000000014
3076,10.0,data10,Access to services,E07000223,Adur,106.9179,106.9179,106.6908,106.6176,106.5439,,,,,,,,,,,,,,,,,,,,,,E12000008,South East,-0.37400000000000944,-0.07370000000000232
3090,10.0,data10,Access to services,E07000224,Arun,100.2976,100.2976,100.2728,100.2728,100.6624,,,,,,,,,,,,,,,,,,,,,,E12000008,South East,0.36480000000000246,0.3896000000000015
3104,10.0,data10,Access to services,E07000225,Chichester,85.71097,85.42486,85.73509,86.0295,87.08191,,,,,,,,,,,,,,,,,,,,,,E12000008,South East,1.3709399999999903,1.0524099999999947
3118,10.0,data10,Access to services,E07000226,Crawley,105.6686,105.6686,105.3691,105.4792,104.8331,,,,,,,,,,,,,,,,,,,,,,E12000008,South East,-0.8354999999999961,-0.6461000000000041
3132,10.0,data10,Access to services,E07000227,Horsham,91.08981,90.02945,90.02119,90.92867,92.27061,,,,,,,,,,,,,,,,,,,,,,E12000008,South East,1.180800000000005,1.3419400000000081
3146,10.0,data10,Access to services,E07000228,Mid Sussex,97.84348,97.84348,97.85358,97.4265,97.78419,,,,,,,,,,,,,,,,,,,,,,E12000008,South East,-0.059290000000004284,0.35768999999999096
3160,10.0,data10,Access to services,E07000229,Worthing,110.7025,110.8749,110.8481,110.4579,109.8418,,,,,,,,,,,,,,,,,,,,,,E12000008,South East,-0.8606999999999942,-0.6160999999999888
3174,10.0,data10,Access to services,E07000234,Bromsgrove,91.69555,91.69555,91.71553,91.70875,91.56868,,,,,,,,,,,,,,,,,,,,,,E12000005,West Midlands,-0.1268699999999967,-0.14006999999999437
3188,10.0,data10,Access to services,E07000235,Malvern Hills,79.72412,79.72412,79.64423,79.6024,80.1155,,,,,,,,,,,,,,,,,,,,,,E12000005,West Midlands,0.39137999999999806,0.5130999999999943
3202,10.0,data10,Access to services,E07000236,Redditch,99.22426,99.19327,98.99713,99.03277,96.49692,,,,,,,,,,,,,,,,,,,,,,E12000005,West Midlands,-2.727339999999998,-2.5358499999999964
3216,10.0,data10,Access to services,E07000237,Worcester,108.7512,108.7482,108.8542,108.8617,108.7319,,,,,,,,,,,,,,,,,,,,,,E12000005,West Midlands,-0.019300000000001205,-0.12980000000000302
3230,10.0,data10,Access to services,E07000238,Wychavon,84.59938,84.6843,84.65691,84.65756,84.94402,,,,,,,,,,,,,,,,,,,,,,E12000005,West Midlands,0.3446399999999983,0.28645999999999106
3244,10.0,data10,Access to services,E07000239,Wyre Forest,90.31352,90.30854,90.30854,90.12725,90.82878,,,,,,,,,,,,,,,,,,,,,,E12000005,West Midlands,0.5152599999999978,0.7015299999999911
3258,10.0,data10,Access to services,E07000240,St Albans,99.4465,99.48289,99.43084,99.41829,99.90211,,,,,,,,,,,,,,,,,,,,,,E12000006,East of England,0.45560999999999297,0.48381999999999437
3272,10.0,data10,Access to services,E07000241,Welwyn Hatfield,95.66796,95.8198,95.67273,95.75118,96.75081,,,,,,,,,,,,,,,,,,,,,,E12000006,East of England,1.0828500000000076,0.9996299999999962
3286,10.0,data10,Access to services,E07000242,East Hertfordshire,91.14667,91.14667,91.1693,91.1693,91.9963,,,,,,,,,,,,,,,,,,,,,,E12000006,East of England,0.8496300000000048,0.8269999999999982
3300,10.0,data10,Access to services,E07000243,Stevenage,102.5334,102.5334,102.5334,102.7606,102.0718,,,,,,,,,,,,,,,,,,,,,,E12000006,East of England,-0.46160000000000423,-0.6888000000000005
3314,10.0,data10,Access to services,E07000244,East Suffolk,88.87125,88.9657,89.16771,89.1393,89.0376,,,,,,,,,,,,,,,,,,,,,,E12000006,East of England,0.16634999999999422,-0.10170000000000812
3328,10.0,data10,Access to services,E07000245,West Suffolk,90.01407,89.99693,89.83394,89.81994,89.80597,,,,,,,,,,,,,,,,,,,,,,E12000006,East of England,-0.20810000000000173,-0.013970000000000482
3342,10.0,data10,Access to services,E07000246,Somerset West and Taunton,87.33455,87.67224,87.67007,87.66496,87.30017,,,,,,,,,,,,,,,,,,,,,,E12000009,South West,-0.034379999999998745,-0.3647899999999993
3356,10.0,data10,Access to services,E08000001,Bolton,108.1085,108.1085,108.2259,108.234,107.9089,,,,,,,,,,,,,,,,,,,,,,E12000002,North West,-0.19960000000000377,-0.32509999999999195
3370,10.0,data10,Access to services,E08000002,Bury,105.6177,106.0622,105.9387,106.1439,106.1334,,,,,,,,,,,,,,,,,,,,,,E12000002,North West,0.5156999999999954,-0.010500000000007503
3384,10.0,data10,Access to services,E08000003,Manchester,107.3607,107.3289,107.2352,107.0277,107.3117,,,,,,,,,,,,,,,,,,,,,,E12000002,North West,-0.04899999999999238,0.284000000000006
3398,10.0,data10,Access to services,E08000004,Oldham,106.5703,106.4848,106.3233,106.4047,106.4045,,,,,,,,,,,,,,,,,,,,,,E12000002,North West,-0.1658000000000044,-0.0002000000000066393
3412,10.0,data10,Access to services,E08000005,Rochdale,105.2725,105.2757,105.265,105.4302,105.3533,,,,,,,,,,,,,,,,,,,,,,E12000002,North West,0.08080000000001064,-0.07689999999999486
3426,10.0,data10,Access to services,E08000006,Salford,104.3859,104.3415,104.1922,104.1021,104.084,,,,,,,,,,,,,,,,,,,,,,E12000002,North West,-0.3019000000000034,-0.01809999999998979
3440,10.0,data10,Access to services,E08000007,Stockport,108.0598,107.8461,107.8557,107.8102,107.5166,,,,,,,,,,,,,,,,,,,,,,E12000002,North West,-0.5431999999999988,-0.29359999999999786
3454,10.0,data10,Access to services,E08000008,Tameside,106.6946,106.649,106.5342,106.422,106.8753,,,,,,,,,,,,,,,,,,,,,,E12000002,North West,0.18070000000000164,0.4532999999999987
3468,10.0,data10,Access to services,E08000009,Trafford,107.656,107.7372,107.7096,107.7897,107.6854,,,,,,,,,,,,,,,,,,,,,,E12000002,North West,0.02939999999999543,-0.10429999999999495
3482,10.0,data10,Access to services,E08000010,Wigan,104.9502,104.9111,104.9453,105.0282,104.4209,,,,,,,,,,,,,,,,,,,,,,E12000002,North West,-0.5292999999999921,-0.6072999999999951
3496,10.0,data10,Access to services,E08000011,Knowsley,103.4836,103.4836,103.3694,103.1348,102.6985,,,,,,,,,,,,,,,,,,,,,,E12000002,North West,-0.7850999999999999,-0.4363000000000028
3510,10.0,data10,Access to services,E08000012,Liverpool,107.3083,107.4077,107.4423,107.4286,108.084,,,,,,,,,,,,,,,,,,,,,,E12000002,North West,0.7757000000000005,0.6554000000000002
3524,10.0,data10,Access to services,E08000013,St. Helens,102.8476,102.8303,102.8695,102.9895,103.2757,,,,,,,,,,,,,,,,,,,,,,E12000002,North West,0.4281000000000006,0.2861999999999938
3538,10.0,data10,Access to services,E08000014,Sefton,106.2717,106.2047,106.0725,106.0829,106.082,,,,,,,,,,,,,,,,,,,,,,E12000002,North West,-0.18970000000000198,-0.0009000000000014552
3552,10.0,data10,Access to services,E08000015,Wirral,105.9061,105.8867,105.7159,105.6476,106.3941,,,,,,,,,,,,,,,,,,,,,,E12000002,North West,0.48799999999999955,0.7464999999999975
3566,10.0,data10,Access to services,E08000016,Barnsley,101.2318,101.2645,101.0327,101.0131,102.4818,,,,,,,,,,,,,,,,,,,,,,E12000003,Yorkshire and The Humber,1.25,1.4687000000000126
3580,10.0,data10,Access to services,E08000017,Doncaster,99.47895,99.57791,99.51139,99.49325,100.3083,,,,,,,,,,,,,,,,,,,,,,E12000003,Yorkshire and The Humber,0.8293500000000051,0.8150499999999994
3594,10.0,data10,Access to services,E08000018,Rotherham,102.8884,102.8452,102.866,102.5767,102.7817,,,,,,,,,,,,,,,,,,,,,,E12000003,Yorkshire and The Humber,-0.10670000000000357,0.2049999999999983
3608,10.0,data10,Access to services,E08000019,Sheffield,104.2577,104.1214,103.8906,103.8406,104.5928,,,,,,,,,,,,,,,,,,,,,,E12000003,Yorkshire and The Humber,0.33509999999999707,0.752200000000002
3622,10.0,data10,Access to services,E08000021,Newcastle upon Tyne,104.6884,104.3512,104.3171,104.2329,104.5653,,,,,,,,,,,,,,,,,,,,,,E12000001,North East,-0.12310000000000798,0.3323999999999927
3636,10.0,data10,Access to services,E08000022,North Tyneside,102.8141,102.8488,102.9536,102.602,103.0907,,,,,,,,,,,,,,,,,,,,,,E12000001,North East,0.27660000000000196,0.48869999999999436
3650,10.0,data10,Access to services,E08000023,South Tyneside,104.7842,104.9015,104.7371,104.7844,103.5178,,,,,,,,,,,,,,,,,,,,,,E12000001,North East,-1.2664000000000044,-1.266600000000011
3664,10.0,data10,Access to services,E08000024,Sunderland,102.4336,102.4598,102.4062,102.2798,101.3839,,,,,,,,,,,,,,,,,,,,,,E12000001,North East,-1.0497000000000014,-0.8958999999999975
3678,10.0,data10,Access to services,E08000025,Birmingham,104.3569,104.2569,104.0724,103.9559,103.282,,,,,,,,,,,,,,,,,,,,,,E12000005,West Midlands,-1.0748999999999995,-0.6739000000000033
3692,10.0,data10,Access to services,E08000026,Coventry,106.2617,106.2533,106.1832,106.1177,106.2779,,,,,,,,,,,,,,,,,,,,,,E12000005,West Midlands,0.016199999999997772,0.16020000000000323
3706,10.0,data10,Access to services,E08000027,Dudley,106.8326,106.8854,106.8296,106.9348,106.9545,,,,,,,,,,,,,,,,,,,,,,E12000005,West Midlands,0.12189999999999657,0.019700000000000273
3720,10.0,data10,Access to services,E08000028,Sandwell,108.0035,107.9297,107.9621,107.8911,107.046,,,,,,,,,,,,,,,,,,,,,,E12000005,West Midlands,-0.957499999999996,-0.845099999999988
3734,10.0,data10,Access to services,E08000029,Solihull,98.89475,98.89475,98.44009,98.55609,98.7782,,,,,,,,,,,,,,,,,,,,,,E12000005,West Midlands,-0.1165500000000037,0.2221100000000007
3748,10.0,data10,Access to services,E08000030,Walsall,102.8295,102.802,102.3934,102.4293,103.1337,,,,,,,,,,,,,,,,,,,,,,E12000005,West Midlands,0.3042000000000087,0.7044000000000068
3762,10.0,data10,Access to services,E08000031,Wolverhampton,105.6543,105.6233,105.5179,105.3628,104.913,,,,,,,,,,,,,,,,,,,,,,E12000005,West Midlands,-0.7413000000000096,-0.4497999999999962
3776,10.0,data10,Access to services,E08000032,Bradford,105.8584,105.9643,105.9585,105.7934,105.9061,,,,,,,,,,,,,,,,,,,,,,E12000003,Yorkshire and The Humber,0.04769999999999186,0.11269999999998959
3790,10.0,data10,Access to services,E08000033,Calderdale,99.61891,99.61891,99.59086,99.6326,101.0174,,,,,,,,,,,,,,,,,,,,,,E12000003,Yorkshire and The Humber,1.3984899999999953,1.3847999999999985
3804,10.0,data10,Access to services,E08000034,Kirklees,103.4547,103.5441,103.3781,103.378,103.5649,,,,,,,,,,,,,,,,,,,,,,E12000003,Yorkshire and The Humber,0.11019999999999186,0.1868999999999943
3818,10.0,data10,Access to services,E08000035,Leeds,104.6562,104.666,104.6092,104.4606,104.5818,,,,,,,,,,,,,,,,,,,,,,E12000003,Yorkshire and The Humber,-0.07439999999999714,0.12120000000000175
3832,10.0,data10,Access to services,E08000036,Wakefield,99.65747,99.64738,99.71794,99.63235,99.94829,,,,,,,,,,,,,,,,,,,,,,E12000003,Yorkshire and The Humber,0.2908199999999965,0.31593999999999767
3846,10.0,data10,Access to services,E08000037,Gateshead,102.3904,102.3849,102.7115,102.5351,102.0117,,,,,,,,,,,,,,,,,,,,,,E12000001,North East,-0.37869999999999493,-0.5233999999999952
3860,10.0,data10,Access to services,E09000002,Barking and Dagenham,111.0317,111.2009,111.183,111.1218,110.6413,,,,,,,,,,,,,,,,,,,,,,E12000007,London,-0.39039999999999964,-0.48049999999999216
3874,10.0,data10,Access to services,E09000003,Barnet,110.4775,110.4065,110.2888,109.9913,110.6061,,,,,,,,,,,,,,,,,,,,,,E12000007,London,0.1285999999999916,0.6148000000000025
3888,10.0,data10,Access to services,E09000004,Bexley,105.8147,105.6481,105.8244,105.8855,106.0422,,,,,,,,,,,,,,,,,,,,,,E12000007,London,0.22749999999999204,0.15670000000000073
3902,10.0,data10,Access to services,E09000005,Brent,111.0999,111.0999,111.1514,111.142,111.0847,,,,,,,,,,,,,,,,,,,,,,E12000007,London,-0.015200000000007208,-0.05729999999999791
3916,10.0,data10,Access to services,E09000006,Bromley,103.9832,104.0575,104.0254,104.0463,103.7642,,,,,,,,,,,,,,,,,,,,,,E12000007,London,-0.2189999999999941,-0.2820999999999998
3930,10.0,data10,Access to services,E09000007,Camden,123.6635,123.6901,123.5488,123.4229,122.9739,,,,,,,,,,,,,,,,,,,,,,E12000007,London,-0.6895999999999987,-0.44899999999999807
3944,10.0,data10,Access to services,E09000008,Croydon,108.8563,108.808,108.8281,108.8623,109.0338,,,,,,,,,,,,,,,,,,,,,,E12000007,London,0.17749999999999488,0.17149999999999466
3958,10.0,data10,Access to services,E09000009,Ealing,109.9834,109.7896,109.4249,109.54,109.8998,,,,,,,,,,,,,,,,,,,,,,E12000007,London,-0.08360000000000412,0.3597999999999928
3972,10.0,data10,Access to services,E09000010,Enfield,108.4954,108.5087,108.318,108.2631,108.0249,,,,,,,,,,,,,,,,,,,,,,E12000007,London,-0.47050000000000125,-0.23819999999999197
3986,10.0,data10,Access to services,E09000011,Greenwich,108.8344,108.6884,108.5598,108.2516,107.4802,,,,,,,,,,,,,,,,,,,,,,E12000007,London,-1.3542000000000058,-0.7713999999999999
4000,10.0,data10,Access to services,E09000012,Hackney,114.4224,114.1944,114.3401,114.1396,114.0511,,,,,,,,,,,,,,,,,,,,,,E12000007,London,-0.37129999999999086,-0.08849999999999625
4014,10.0,data10,Access to services,E09000013,Hammersmith and Fulham,116.4956,116.638,116.8987,116.8424,117.6135,,,,,,,,,,,,,,,,,,,,,,E12000007,London,1.117900000000006,0.7711000000000041
4028,10.0,data10,Access to services,E09000014,Haringey,113.4283,113.3161,113.0345,112.853,112.7516,,,,,,,,,,,,,,,,,,,,,,E12000007,London,-0.6766999999999967,-0.10139999999999816
4042,10.0,data10,Access to services,E09000015,Harrow,107.7304,107.7489,107.7421,107.5976,108.1833,,,,,,,,,,,,,,,,,,,,,,E12000007,London,0.45289999999999964,0.5857000000000028
4056,10.0,data10,Access to services,E09000016,Havering,103.6558,103.829,103.8394,103.7354,103.6323,,,,,,,,,,,,,,,,,,,,,,E12000007,London,-0.023499999999998522,-0.10309999999999775
4070,10.0,data10,Access to services,E09000017,Hillingdon,105.3036,105.3036,105.2586,105.2265,105.6109,,,,,,,,,,,,,,,,,,,,,,E12000007,London,0.3072999999999979,0.3843999999999994
4084,10.0,data10,Access to services,E09000018,Hounslow,108.454,108.454,108.2144,108.0404,107.7894,,,,,,,,,,,,,,,,,,,,,,E12000007,London,-0.664599999999993,-0.2510000000000048
4098,10.0,data10,Access to services,E09000019,Islington,123.3165,123.4419,123.2351,123.1001,123.2513,,,,,,,,,,,,,,,,,,,,,,E12000007,London,-0.06520000000000437,0.1512000000000029
4112,10.0,data10,Access to services,E09000020,Kensington and Chelsea,120.1018,120.1292,119.8293,119.7589,120.8677,,,,,,,,,,,,,,,,,,,,,,E12000007,London,0.765900000000002,1.1088000000000022
4126,10.0,data10,Access to services,E09000021,Kingston upon Thames,110.3247,110.5776,110.5388,110.439,109.8131,,,,,,,,,,,,,,,,,,,,,,E12000007,London,-0.5116000000000014,-0.6258999999999872
4140,10.0,data10,Access to services,E09000022,Lambeth,118.6568,118.7798,118.2243,118.2074,118.0818,,,,,,,,,,,,,,,,,,,,,,E12000007,London,-0.5750000000000028,-0.1256000000000057
4154,10.0,data10,Access to services,E09000023,Lewisham,110.1404,110.0807,110.1057,110.0497,109.8374,,,,,,,,,,,,,,,,,,,,,,E12000007,London,-0.30299999999999727,-0.21229999999999905
4168,10.0,data10,Access to services,E09000024,Merton,111.6149,111.6149,111.6621,111.7034,111.1083,,,,,,,,,,,,,,,,,,,,,,E12000007,London,-0.5066000000000059,-0.5951000000000022
4182,10.0,data10,Access to services,E09000025,Newham,111.9489,112.0279,111.7825,111.9196,111.775,,,,,,,,,,,,,,,,,,,,,,E12000007,London,-0.17389999999998906,-0.14459999999999695
4196,10.0,data10,Access to services,E09000026,Redbridge,108.8551,108.7201,108.72,108.5184,108.5283,,,,,,,,,,,,,,,,,,,,,,E12000007,London,-0.32679999999999154,0.009900000000001796
4210,10.0,data10,Access to services,E09000027,Richmond upon Thames,113.2819,113.2212,112.9604,113.1655,112.7942,,,,,,,,,,,,,,,,,,,,,,E12000007,London,-0.4876999999999896,-0.37129999999999086
4224,10.0,data10,Access to services,E09000028,Southwark,112.8486,112.9405,112.7224,112.7933,113.2299,,,,,,,,,,,,,,,,,,,,,,E12000007,London,0.381299999999996,0.43659999999999854
4238,10.0,data10,Access to services,E09000029,Sutton,110.0525,109.9446,109.6612,109.627,109.393,,,,,,,,,,,,,,,,,,,,,,E12000007,London,-0.6594999999999942,-0.23399999999999466
4252,10.0,data10,Access to services,E09000030,Tower Hamlets,116.8753,116.8914,116.8783,116.3185,115.7852,,,,,,,,,,,,,,,,,,,,,,E12000007,London,-1.0900999999999925,-0.533299999999997
4266,10.0,data10,Access to services,E09000031,Waltham Forest,110.4329,110.3164,110.3396,110.3353,111.2562,,,,,,,,,,,,,,,,,,,,,,E12000007,London,0.8233000000000033,0.9209000000000032
4280,10.0,data10,Access to services,E09000032,Wandsworth,115.4463,115.4463,115.2982,115.3569,115.2092,,,,,,,,,,,,,,,,,,,,,,E12000007,London,-0.2370999999999981,-0.1477000000000004
4294,10.0,data10,Access to services,E09000033,Westminster,122.4155,122.4361,122.4377,122.0408,125.0723,,,,,,,,,,,,,,,,,,,,,,E12000007,London,2.656800000000004,3.031499999999994
